<?xml version="1.0" encoding="UTF-8"?>
<project-private xmlns="http://www.netbeans.org/ns/project-private/1">
    <editor-bookmarks xmlns="http://www.netbeans.org/ns/editor-bookmarks/2" lastBookmarkId="0"/>
    <open-files xmlns="http://www.netbeans.org/ns/projectui-open-files/2">
        <group>
            <file>file:/K:/Studia/Studia/Sem5/Java/r2/Poker1/src/viewcontroller/FXMLDocument.fxml</file>
            <file>file:/K:/Studia/Studia/Sem5/Java/r2/Poker1/src/viewcontroller/FXMLDocumentController.java</file>
            <file>file:/K:/Studia/Studia/Sem5/Java/r2/Poker1/nbproject/build-impl.xml</file>
            <file>file:/K:/Studia/Studia/Sem5/Java/r2/Poker1/src/poker1/Poker1.java</file>
        </group>
    </open-files>
</project-private>
